location,title,url
San Francisco,Cello Case for 1/2 Cello,http://sanfrancisco.locanto.com/ID_305613946/Cello-Case-for-1-2-Cello.html
San Francisco,1/2 violin in light green,http://sanfrancisco.locanto.com/ID_305613525/1-2-violin-in-light-green.html
Oakland,Musical Instruments: Pacific - Double-Kick Bass Pedal - Chrome,http://oakland.locanto.com/ID_648453501/Musical-Instruments-Pacific-Double-Kick-Bass-Pedal-Chrome.html
San Francisco,Crash Cymbal,http://sanfrancisco.locanto.com/ID_301000260/Crash-Cymbal.html
San Francisco,Drum kit which has rarely been used,http://sanfrancisco.locanto.com/ID_300990614/Drum-kit-which-has-rarely-been-used.html
Oakland,Cymbals in used but good condition,http://oakland.locanto.com/ID_301000229/Cymbals-in-used-but-good-condition.html
Oakland,Yamaha  kit,http://oakland.locanto.com/ID_305496650/Yamaha-kit.html
Oakland,Drum kit which has rarely been used,http://oakland.locanto.com/ID_300990483/Drum-kit-which-has-rarely-been-used.html
San Francisco,Yamaha  kit,http://sanfrancisco.locanto.com/ID_305496698/Yamaha-kit.html
Oakland,High quality cymbals for any gig,http://oakland.locanto.com/ID_305497293/High-quality-cymbals-for-any-gig.html
San Francisco,Cymbals in mint condition,http://sanfrancisco.locanto.com/ID_305497341/Cymbals-in-mint-condition.html
San Francisco,HardGood: Casio - Portable Keyboard with 61 Touch-Sensitive ...,http://sanfrancisco.locanto.com/ID_631289460/HardGood-Casio-Portable-Keyboard-with-61-Touch-Sensitive.html
Oakland,Amp - in good condition,http://oakland.locanto.com/ID_310807380/Amp-in-good-condition.html
San Francisco,Great sounding amp!,http://sanfrancisco.locanto.com/ID_310807474/Great-sounding-amp.html
Oakland,Great sounding amp!,http://oakland.locanto.com/ID_310807382/Great-sounding-amp.html
San Francisco,Amp - in good condition,http://sanfrancisco.locanto.com/ID_310807476/Amp-in-good-condition.html
Oakland,Marshall half stacked amp,http://oakland.locanto.com/ID_310807381/Marshall-half-stacked-amp.html
San Francisco,Marshall half stacked amp,http://sanfrancisco.locanto.com/ID_310807475/Marshall-half-stacked-amp.html
Oakland,Musical Instruments: American DJ - Event Bar Q4 4-Head LED ...,http://oakland.locanto.com/ID_622992664/Musical-Instruments-American-DJ-Event-Bar-Q4-4-Head-LED.html
Oakland,Selling a bass,http://oakland.locanto.com/ID_227326613/Selling-a-bass.html
San Francisco,Want a Piano?,http://sanfrancisco.locanto.com/ID_217690681/Want-a-Piano.html
San Francisco,Keyboard in good condition,http://sanfrancisco.locanto.com/ID_217691792/Keyboard-in-good-condition.html
San Francisco,soprano clarinet up for sale,http://sanfrancisco.locanto.com/ID_227326644/soprano-clarinet-up-for-sale.html
San Francisco,For Sale - Violin - Top Condition,http://sanfrancisco.locanto.com/ID_227306732/For-Sale-Violin-Top-Condition.html
San Francisco,Are you in need of a guitar?,http://sanfrancisco.locanto.com/ID_217688612/Are-you-in-need-of-a-guitar.html
Oakland,Violin for Sale,http://oakland.locanto.com/ID_227306700/Violin-for-Sale.html
Oakland,Are you in need of a Keyboard?,http://oakland.locanto.com/ID_217691730/Are-you-in-need-of-a-Keyboard.html
Oakland,Want a Piano?,http://oakland.locanto.com/ID_217690582/Want-a-Piano.html
Oakland,Guitar for you,http://oakland.locanto.com/ID_217688582/Guitar-for-you.html
San Francisco,Antique Mendelssohn with Bench,http://sanfrancisco.locanto.com/ID_308100228/Antique-Mendelssohn-with-Bench.html
San Francisco,Beginners piano in good condition,http://sanfrancisco.locanto.com/ID_308107302/Beginners-piano-in-good-condition.html
Oakland,Perfect working condition,http://oakland.locanto.com/ID_308107270/Perfect-working-condition.html
Oakland,Haul yourself Piano w/o accessories,http://oakland.locanto.com/ID_308100100/Haul-yourself-Piano-w-o-accessories.html
San Francisco,Top Mic- Your second voice!,http://sanfrancisco.locanto.com/ID_305504239/Top-Mic-Your-second-voice.html
Oakland,"Brand new, never used microphone",http://oakland.locanto.com/ID_301484657/Brand-new-never-used-microphone.html
Oakland,Wireless Mic with accessories,http://oakland.locanto.com/ID_305504204/Wireless-Mic-with-accessories.html
San Francisco,Wireless Mic with accessories,http://sanfrancisco.locanto.com/ID_301484838/Wireless-Mic-with-accessories.html
San Francisco,KidKraft Outdoor Sandbox with Canopy,http://sanfrancisco.locanto.com/ID_565327103/KidKraft-Outdoor-Sandbox-with-Canopy.html
Oakland,Robeez Fab Folk,http://oakland.locanto.com/ID_565327702/Robeez-Fab-Folk.html
San Francisco,Princess Paradise Danny the Dragon,http://sanfrancisco.locanto.com/ID_565327937/Princess-Paradise-Danny-the-Dragon.html
San Francisco,La Leche League International Nursing Cami,http://sanfrancisco.locanto.com/ID_565328059/La-Leche-League-International-Nursing-Cami.html
San Francisco,Giggle 2 Pack Skull Hat - Gray,http://sanfrancisco.locanto.com/ID_565328674/Giggle-2-Pack-Skull-Hat-Gray.html
San Francisco,Majamas The Margo PJ - Andorra,http://sanfrancisco.locanto.com/ID_565328681/Majamas-The-Margo-PJ-Andorra.html
San Francisco,Belabumbum Yoga Jogger Pants - Black,http://sanfrancisco.locanto.com/ID_565328757/Belabumbum-Yoga-Jogger-Pants-Black.html
San Francisco,Bun Maternity Nursing Tank Top - Coral,http://sanfrancisco.locanto.com/ID_565328949/Bun-Maternity-Nursing-Tank-Top-Coral.html
San Francisco,Bun Maternity Striped Long Tank - Gray/White,http://sanfrancisco.locanto.com/ID_565328960/Bun-Maternity-Striped-Long-Tank-Gray-White.html
San Francisco,Magnificent Baby Footie,http://sanfrancisco.locanto.com/ID_565329069/Magnificent-Baby-Footie.html
Oakland,Carter's Corduroy Pants (Toddler/Kid) - Ivory (girls),http://oakland.locanto.com/ID_565329238/Carter-s-Corduroy-Pants-Toddler-Kid-Ivory-girls.html
San Francisco,Princess Paradise Murphy the Mummy (boys),http://sanfrancisco.locanto.com/ID_565329549/Princess-Paradise-Murphy-the-Mummy-boys.html
Oakland,Belly Bandit B.F.F,http://oakland.locanto.com/ID_565330524/Belly-Bandit-B-F-F.html
Oakland,KATEBABY Snap Footie (Baby) - Blue Be Free Chevron,http://oakland.locanto.com/ID_565331033/KATEBABY-Snap-Footie-Baby-Blue-Be-Free-Chevron.html
Oakland,Carter's 4 Piece Layette Set (Baby) - Reindeer (boys),http://oakland.locanto.com/ID_565331199/Carter-s-4-Piece-Layette-Set-Baby-Reindeer-boys.html
Oakland,Munchkin Insulated Toddler Lunch Bag - Monkey,http://oakland.locanto.com/ID_565332285/Munchkin-Insulated-Toddler-Lunch-Bag-Monkey.html
Oakland,EGG by Susan Lazar Corduroy Slim Fit Pants (Toddler/Kid) - Brick,http://oakland.locanto.com/ID_565332478/EGG-by-Susan-Lazar-Corduroy-Slim-Fit-Pants-Toddler-Kid-Brick.html
Oakland,Magnificent Baby Lion And The Mouse Hat (Baby) - Beige/Green ...,http://oakland.locanto.com/ID_565332500/Magnificent-Baby-Lion-And-The-Mouse-Hat-Baby-Beige-Green.html
San Francisco,QT Intimates 2-fit-U Wireless Nursing Bra - Black,http://sanfrancisco.locanto.com/ID_565332638/QT-Intimates-2-fit-U-Wireless-Nursing-Bra-Black.html
San Francisco,See Kai Run NAOMI GRACE (Inf/Tod) - RED,http://sanfrancisco.locanto.com/ID_562018558/See-Kai-Run-NAOMI-GRACE-Inf-Tod-RED.html
San Francisco,Bon Bebe World Champ 4 Piece Set (Baby)-Multicolor,http://sanfrancisco.locanto.com/ID_559625856/Bon-Bebe-World-Champ-4-Piece-Set-Baby-Multicolor.html
Oakland,EGG by Susan Lazar Nylon Vest (Toddler/Kid) - Silver (girls),http://oakland.locanto.com/ID_559626072/EGG-by-Susan-Lazar-Nylon-Vest-Toddler-Kid-Silver-girls.html
Oakland,Adidas Elite Tricot Jacket (Toddler/Kid) - Navy (boys),http://oakland.locanto.com/ID_554649766/Adidas-Elite-Tricot-Jacket-Toddler-Kid-Navy-boys.html
Oakland,Adidas My Game Tee (Toddler/Kid) - Navy,http://oakland.locanto.com/ID_554649784/Adidas-My-Game-Tee-Toddler-Kid-Navy.html
Oakland,Emerald August Jennie Top (Toddler/Kid) - Ivory (girls),http://oakland.locanto.com/ID_554649957/Emerald-August-Jennie-Top-Toddler-Kid-Ivory-girls.html
Oakland,Robeez Cozy Moccasin,http://oakland.locanto.com/ID_553477257/Robeez-Cozy-Moccasin.html
San Francisco,Adidas Impact Tricot Set (Toddler/Kid) - Bright Red (boys),http://sanfrancisco.locanto.com/ID_552212545/Adidas-Impact-Tricot-Set-Toddler-Kid-Bright-Red-boys.html
San Francisco,Carter's 3 Piece Cardigan Set (Baby)-White,http://sanfrancisco.locanto.com/ID_549034810/Carter-s-3-Piece-Cardigan-Set-Baby-White.html
San Francisco,Carter's Knit Dress (Toddler/Kid) - Black (girls),http://sanfrancisco.locanto.com/ID_549035777/Carter-s-Knit-Dress-Toddler-Kid-Black-girls.html
San Francisco,Carter's Print Tunic (Toddler/Kid) - Floral,http://sanfrancisco.locanto.com/ID_549036125/Carter-s-Print-Tunic-Toddler-Kid-Floral.html
Oakland,Carter's 2 Piece Bodysuit Set (Baby)-Dog,http://oakland.locanto.com/ID_549057053/Carter-s-2-Piece-Bodysuit-Set-Baby-Dog.html
San Francisco,Carter's Print Tunic (Toddler/Kid) - Jewels,http://sanfrancisco.locanto.com/ID_549060810/Carter-s-Print-Tunic-Toddler-Kid-Jewels.html
Oakland,Carter's Graphic Top (Toddler/Kid) - Flower Heart (girls),http://oakland.locanto.com/ID_549061032/Carter-s-Graphic-Top-Toddler-Kid-Flower-Heart-girls.html
San Francisco,Carter's Graphic Hoodie Sweater (Toddler/Kid) - Heather,http://sanfrancisco.locanto.com/ID_549061255/Carter-s-Graphic-Hoodie-Sweater-Toddler-Kid-Heather.html
San Francisco,Carter's Plaid Leggings (Baby) - Red/Black/White,http://sanfrancisco.locanto.com/ID_549114701/Carter-s-Plaid-Leggings-Baby-Red-Black-White.html
San Francisco,Carter's Print Microfleece Pants (Baby) - Camo,http://sanfrancisco.locanto.com/ID_549133469/Carter-s-Print-Microfleece-Pants-Baby-Camo.html
San Francisco,Carter's Print Leggings (Baby) - Black/White,http://sanfrancisco.locanto.com/ID_549135713/Carter-s-Print-Leggings-Baby-Black-White.html
San Francisco,Carter's Slogan Two Fer (Baby) - Greatest Brother,http://sanfrancisco.locanto.com/ID_549135980/Carter-s-Slogan-Two-Fer-Baby-Greatest-Brother.html
Oakland,Puma Color Block Hoodie (Kid) - Shadow Grey (girls),http://oakland.locanto.com/ID_548704964/Puma-Color-Block-Hoodie-Kid-Shadow-Grey-girls.html
San Francisco,Puma All Over Print Capri (Kid) - Electric Purple (girls),http://sanfrancisco.locanto.com/ID_548704967/Puma-All-Over-Print-Capri-Kid-Electric-Purple-girls.html
San Francisco,Anais & I Pom Pom Tights (Toddler/Kid) - Grey (girls),http://sanfrancisco.locanto.com/ID_548705146/Anais-I-Pom-Pom-Tights-Toddler-Kid-Grey-girls.html
San Francisco,JoJo Maman Bebe Wrap Top - Midnight,http://sanfrancisco.locanto.com/ID_548705276/JoJo-Maman-Bebe-Wrap-Top-Midnight.html
Oakland,Carter's Heavy Weight Bubble Jacket (Toddler/Kid) - Cheetah,http://oakland.locanto.com/ID_548322075/Carter-s-Heavy-Weight-Bubble-Jacket-Toddler-Kid-Cheetah.html
Oakland,Kapital K Corduroy Coveralls (Baby) - Space Blue (boys),http://oakland.locanto.com/ID_548322180/Kapital-K-Corduroy-Coveralls-Baby-Space-Blue-boys.html
Oakland,Widgeon Faux Fur Coat & Hat Set (Baby) - Wave Grey,http://oakland.locanto.com/ID_548322343/Widgeon-Faux-Fur-Coat-Hat-Set-Baby-Wave-Grey.html
San Francisco,Splendid Fashion Knit Dress (Toddler/Kid) - Grey,http://sanfrancisco.locanto.com/ID_548322514/Splendid-Fashion-Knit-Dress-Toddler-Kid-Grey.html
San Francisco,Princess Paradise Ryder the Raccoon,http://sanfrancisco.locanto.com/ID_545825462/Princess-Paradise-Ryder-the-Raccoon.html
San Francisco,Marimekko Lammin Bunting (Baby) - Floral,http://sanfrancisco.locanto.com/ID_545152182/Marimekko-Lammin-Bunting-Baby-Floral.html
San Francisco,Kate spade new york Boatneck Top (Toddler/Kid) - Cat Print ...,http://sanfrancisco.locanto.com/ID_545152247/Kate-spade-new-york-Boatneck-Top-Toddler-Kid-Cat-Print.html
Oakland,Robeez Blooming Bella (Inf/Tod) - Red/White,http://oakland.locanto.com/ID_545191267/Robeez-Blooming-Bella-Inf-Tod-Red-White.html
San Francisco,Carter's 2 Piece PJ Set (Baby) - Animals (girls),http://sanfrancisco.locanto.com/ID_545198688/Carter-s-2-Piece-PJ-Set-Baby-Animals-girls.html
Oakland,Livie & Luca North (Inf/Tod) - Navy Suede (boys),http://oakland.locanto.com/ID_543745145/Livie-Luca-North-Inf-Tod-Navy-Suede-boys.html
San Francisco,Livie & Luca North (Inf/Tod) - Navy Suede (boys),http://sanfrancisco.locanto.com/ID_543745147/Livie-Luca-North-Inf-Tod-Navy-Suede-boys.html
Oakland,Carter's 2 Piece PJ Set (Baby) - Football,http://oakland.locanto.com/ID_543745443/Carter-s-2-Piece-PJ-Set-Baby-Football.html
San Francisco,Bogs Classic Winter Plaid (Tod/Yth) - Fushcia (girls),http://sanfrancisco.locanto.com/ID_543745524/Bogs-Classic-Winter-Plaid-Tod-Yth-Fushcia-girls.html
San Francisco,OshKosh B'gosh Embroidered Knit Dress (Baby) - Orange (girls),http://sanfrancisco.locanto.com/ID_542848513/OshKosh-B-gosh-Embroidered-Knit-Dress-Baby-Orange-girls.html
Oakland,OshKosh B'gosh Embroidered Knit Dress (Baby) - Orange,http://oakland.locanto.com/ID_542848515/OshKosh-B-gosh-Embroidered-Knit-Dress-Baby-Orange.html
San Francisco,Disney Mickey PJ Set (Baby) - Multicolor (Male),http://sanfrancisco.locanto.com/ID_542849272/Disney-Mickey-PJ-Set-Baby-Multicolor-Male.html
San Francisco,LAmade Kids Isabel Peplum Crew (Toddler/Kid) - Brave,http://sanfrancisco.locanto.com/ID_541162161/LAmade-Kids-Isabel-Peplum-Crew-Toddler-Kid-Brave.html
Oakland,Majamas Organic Cozy Dress,http://oakland.locanto.com/ID_539932135/Majamas-Organic-Cozy-Dress.html
Oakland,La Leche League International V-Neck Nursing Gown - Orchid,http://oakland.locanto.com/ID_539932217/La-Leche-League-International-V-Neck-Nursing-Gown-Orchid.html
San Francisco,Bravado Designs Seamless Panty - Ivory,http://sanfrancisco.locanto.com/ID_539932311/Bravado-Designs-Seamless-Panty-Ivory.html
San Francisco,Hal Leonard - Michael Jackson: 10 Hit Tunes Jazz Play-Along ...,http://sanfrancisco.locanto.com/ID_540098156/Hal-Leonard-Michael-Jackson-10-Hit-Tunes-Jazz-Play-Along.html
Oakland,Musical Instruments: Hercules - Guitar Wall Hanger - Black,http://oakland.locanto.com/ID_540103723/Musical-Instruments-Hercules-Guitar-Wall-Hanger-Black.html
Oakland,LAmade Kids Helena Boho Skirt Dress (Toddler/Kid) - Jewel ...,http://oakland.locanto.com/ID_537352501/LAmade-Kids-Helena-Boho-Skirt-Dress-Toddler-Kid-Jewel.html
Oakland,Columbia Sportswear Little Dude Suit (Baby) - Tradewinds Grey,http://oakland.locanto.com/ID_537352526/Columbia-Sportswear-Little-Dude-Suit-Baby-Tradewinds-Grey.html
Oakland,Skip Hop Petite Triangles Bodysuit Set (Baby) - Blue,http://oakland.locanto.com/ID_537352542/Skip-Hop-Petite-Triangles-Bodysuit-Set-Baby-Blue.html
Oakland,Masala Wolf 2 Piece Set (Baby) - Navy (boys),http://oakland.locanto.com/ID_536778998/Masala-Wolf-2-Piece-Set-Baby-Navy-boys.html
San Francisco,Vans Jt. Basin T-Shirt (Kid) - Port,http://sanfrancisco.locanto.com/ID_536779074/Vans-Jt-Basin-T-Shirt-Kid-Port.html
Oakland,Buffalo Tee & Denim Set (Baby) - Rowan/Denim (boys),http://oakland.locanto.com/ID_534678135/Buffalo-Tee-Denim-Set-Baby-Rowan-Denim-boys.html
San Francisco,Rubies Briar Beauty Wig with Glasses,http://sanfrancisco.locanto.com/ID_533596844/Rubies-Briar-Beauty-Wig-with-Glasses.html
Oakland,New Balance Tod/Yth KV990V3 Running,http://oakland.locanto.com/ID_533598231/New-Balance-Tod-Yth-KV990V3-Running.html
San Francisco,New Balance Inft/Tod KJ990V3 Running (girls),http://sanfrancisco.locanto.com/ID_533598348/New-Balance-Inft-Tod-KJ990V3-Running-girls.html
San Francisco,Geox B EACH BOY 2 (Inf/Tod) - NAVY (boys),http://sanfrancisco.locanto.com/ID_533601412/Geox-B-EACH-BOY-2-Inf-Tod-NAVY-boys.html
San Francisco,New Balance KV750 (Inf/Tod) - Blue/Yellow (boys),http://sanfrancisco.locanto.com/ID_533602043/New-Balance-KV750-Inf-Tod-Blue-Yellow-boys.html
Oakland,New Balance Inft/Tod KV990V3 Running,http://oakland.locanto.com/ID_533602641/New-Balance-Inft-Tod-KV990V3-Running.html
San Francisco,Rubies Deluxe Rocket Raccoon,http://sanfrancisco.locanto.com/ID_532644514/Rubies-Deluxe-Rocket-Raccoon.html
Oakland,Rubies H/S Superman (boys),http://oakland.locanto.com/ID_532644685/Rubies-H-S-Superman-boys.html
San Francisco,Rubies Wicked Witch Tutu Costume,http://sanfrancisco.locanto.com/ID_532644887/Rubies-Wicked-Witch-Tutu-Costume.html
San Francisco,Elephantito Driver Loafers (Tod/Yth) - Grey (Men),http://sanfrancisco.locanto.com/ID_531356529/Elephantito-Driver-Loafers-Tod-Yth-Grey-Men.html
San Francisco,Elephantito Baby Slippers (Infant) - Fuschia,http://sanfrancisco.locanto.com/ID_531356616/Elephantito-Baby-Slippers-Infant-Fuschia.html
Oakland,OshKosh B'gosh Woven Plaid Shirt (Toddler/Kid) - Orange/Blue ...,http://oakland.locanto.com/ID_530632651/OshKosh-B-gosh-Woven-Plaid-Shirt-Toddler-Kid-Orange-Blue.html
Oakland,Columbia Sportswear Powder Lite Puffer (Kid) - Light Grape,http://oakland.locanto.com/ID_530633024/Columbia-Sportswear-Powder-Lite-Puffer-Kid-Light-Grape.html
San Francisco,Oeuf T-shirt Bodysuit (Baby) - White,http://sanfrancisco.locanto.com/ID_530633475/Oeuf-T-shirt-Bodysuit-Baby-White.html
San Francisco,Puma Active Pants (Toddler/Kid) - Medium Heather Gray,http://sanfrancisco.locanto.com/ID_530634279/Puma-Active-Pants-Toddler-Kid-Medium-Heather-Gray.html
Oakland,Kickee Pants Ruffle Sweatpants (Baby) - Feather (girls),http://oakland.locanto.com/ID_530634403/Kickee-Pants-Ruffle-Sweatpants-Baby-Feather-girls.html
San Francisco,Carter's 3 Pack Print Bodysuits (Baby) - Gray/Pink/Blue,http://sanfrancisco.locanto.com/ID_530634563/Carter-s-3-Pack-Print-Bodysuits-Baby-Gray-Pink-Blue.html
Oakland,Carter's Lace Tee (Kid) - Black (girls),http://oakland.locanto.com/ID_530634614/Carter-s-Lace-Tee-Kid-Black-girls.html
San Francisco,OshKosh B'gosh Knit Graphic Tee (Kid) - White,http://sanfrancisco.locanto.com/ID_530634765/OshKosh-B-gosh-Knit-Graphic-Tee-Kid-White.html
San Francisco,Little Me Fox Friends Pant Set (Baby) - Gray (boys),http://sanfrancisco.locanto.com/ID_530634837/Little-Me-Fox-Friends-Pant-Set-Baby-Gray-boys.html
San Francisco,Manhasset - Acoustic Shield Music Stand - Black,http://sanfrancisco.locanto.com/ID_528978034/Manhasset-Acoustic-Shield-Music-Stand-Black.html
San Francisco,Burt's Bees Baby 3 Piece Watercolor Tee Set (Baby) - Lagoon,http://sanfrancisco.locanto.com/ID_524428248/Burt-s-Bees-Baby-3-Piece-Watercolor-Tee-Set-Baby-Lagoon.html
San Francisco,Sun-San Sweetheart,http://sanfrancisco.locanto.com/ID_523650506/Sun-San-Sweetheart.html
Oakland,Skip Hop Zoo Lunchie - Dinosaur,http://oakland.locanto.com/ID_523650550/Skip-Hop-Zoo-Lunchie-Dinosaur.html
Oakland,Kate spade new york Kammy Dress (Toddler/Kid) - Pale Aster/ ...,http://oakland.locanto.com/ID_522424450/Kate-spade-new-york-Kammy-Dress-Toddler-Kid-Pale-Aster.html
San Francisco,Absorba Uni Heathered Bear Footie (Baby) - Gray Yellow (girls),http://sanfrancisco.locanto.com/ID_521163068/Absorba-Uni-Heathered-Bear-Footie-Baby-Gray-Yellow-girls.html
Oakland,Kickee Pants Applique Coveralls (Baby) - Midnight Boo (unisex),http://oakland.locanto.com/ID_520512007/Kickee-Pants-Applique-Coveralls-Baby-Midnight-Boo-unisex.html
San Francisco,Carter's Print Footie (Baby) - Dots/Monkey (girls),http://sanfrancisco.locanto.com/ID_520512197/Carter-s-Print-Footie-Baby-Dots-Monkey-girls.html
Oakland,Puma Graphic Tee (Kid) - Lemon Tonic,http://oakland.locanto.com/ID_520512461/Puma-Graphic-Tee-Kid-Lemon-Tonic.html
Oakland,Kickee Pants Print Gown w/Knot Hat (Baby) - Rain Toad,http://oakland.locanto.com/ID_516365642/Kickee-Pants-Print-Gown-w-Knot-Hat-Baby-Rain-Toad.html
Oakland,Kissy Kissy Footie (Baby) - White (girls),http://oakland.locanto.com/ID_513141937/Kissy-Kissy-Footie-Baby-White-girls.html
Oakland,Kate spade new york Butterfly Tee (Toddler/Kid) - Fresh ...,http://oakland.locanto.com/ID_513142008/Kate-spade-new-york-Butterfly-Tee-Toddler-Kid-Fresh.html
San Francisco,Kickee Pants Print Puff Tee (Baby) - Lotus Blackbird (girls),http://sanfrancisco.locanto.com/ID_510323008/Kickee-Pants-Print-Puff-Tee-Baby-Lotus-Blackbird-girls.html
Oakland,Kickee Pants Tee (Baby) - Peacock (boys),http://oakland.locanto.com/ID_510323077/Kickee-Pants-Tee-Baby-Peacock-boys.html
Oakland,Burt's Bees Baby Raw Edge Rugby Tee (Baby) - Blue Smoke (boys),http://oakland.locanto.com/ID_509701554/Burt-s-Bees-Baby-Raw-Edge-Rugby-Tee-Baby-Blue-Smoke-boys.html
San Francisco,Absorba 3 Piece Lion Footed Set (Baby) - Multi Dots,http://sanfrancisco.locanto.com/ID_509701875/Absorba-3-Piece-Lion-Footed-Set-Baby-Multi-Dots.html
San Francisco,Handcraft Disney Princess Panty 7-pk,http://sanfrancisco.locanto.com/ID_509702902/Handcraft-Disney-Princess-Panty-7-pk.html
San Francisco,Carter's Knit Varsity Jacket (Baby) - Handsome (boys),http://sanfrancisco.locanto.com/ID_504963773/Carter-s-Knit-Varsity-Jacket-Baby-Handsome-boys.html
Oakland,Carter's 2 Piece Dress Set (Baby) - White,http://oakland.locanto.com/ID_504963891/Carter-s-2-Piece-Dress-Set-Baby-White.html
San Francisco,Carter's 2 Piece Jumper Set (Baby) - Navy/Green,http://sanfrancisco.locanto.com/ID_504964299/Carter-s-2-Piece-Jumper-Set-Baby-Navy-Green.html
San Francisco,OshKosh B'gosh Convertible Overalls (Baby) - Military Green ...,http://sanfrancisco.locanto.com/ID_504425033/OshKosh-B-gosh-Convertible-Overalls-Baby-Military-Green.html
San Francisco,OshKosh B'gosh Denim Button Down (Toddler) - Blue (boys),http://sanfrancisco.locanto.com/ID_504426191/OshKosh-B-gosh-Denim-Button-Down-Toddler-Blue-boys.html
San Francisco,OshKosh B'gosh Fleece Athletic Pants (Toddler/Kid) - ...,http://sanfrancisco.locanto.com/ID_504426295/OshKosh-B-gosh-Fleece-Athletic-Pants-Toddler-Kid.html
Oakland,Carter's Print Footie (Baby) - Camo,http://oakland.locanto.com/ID_504426480/Carter-s-Print-Footie-Baby-Camo.html
Oakland,Carter's 2 Piece Graphic Tee PJ Set (Baby) - Big Chief (boys),http://oakland.locanto.com/ID_504426527/Carter-s-2-Piece-Graphic-Tee-PJ-Set-Baby-Big-Chief-boys.html
Oakland,Carter's 4 Piece Graphic Tee PJ Set (Baby) - Fire Rescue,http://oakland.locanto.com/ID_504426563/Carter-s-4-Piece-Graphic-Tee-PJ-Set-Baby-Fire-Rescue.html
San Francisco,Carter's Sports Slogan Tee (Toddler/Kid) - All Star (boys),http://sanfrancisco.locanto.com/ID_504426664/Carter-s-Sports-Slogan-Tee-Toddler-Kid-All-Star-boys.html
San Francisco,Carter's Graphic Tee (Toddler/Kid) - Ballerina (girls),http://sanfrancisco.locanto.com/ID_504426787/Carter-s-Graphic-Tee-Toddler-Kid-Ballerina-girls.html
San Francisco,Carter's Multi Floral Print Tunic (Baby) - Multicolor (girls),http://sanfrancisco.locanto.com/ID_504427185/Carter-s-Multi-Floral-Print-Tunic-Baby-Multicolor-girls.html
Oakland,Carter's Knit Dot Leggings (Baby) - Mint,http://oakland.locanto.com/ID_504427207/Carter-s-Knit-Dot-Leggings-Baby-Mint.html
San Francisco,OshKosh B'gosh Henley Bodysuit (Baby) - Heather,http://sanfrancisco.locanto.com/ID_501280128/OshKosh-B-gosh-Henley-Bodysuit-Baby-Heather.html
Oakland,DL1961 Chloe Jeans (Toddler/Kid) - Macpherson,http://oakland.locanto.com/ID_499383618/DL1961-Chloe-Jeans-Toddler-Kid-Macpherson.html
Oakland,DL1961 Brady Jeans (Toddler/Kid) - Hatch,http://oakland.locanto.com/ID_499383636/DL1961-Brady-Jeans-Toddler-Kid-Hatch.html
Oakland,Saltwater By Hoy Salt Water - The Original (Youth) - Navy,http://oakland.locanto.com/ID_495994565/Saltwater-By-Hoy-Salt-Water-The-Original-Youth-Navy.html
San Francisco,City Threads Jersey Tank Romper (Baby) - Lavender,http://sanfrancisco.locanto.com/ID_493443399/City-Threads-Jersey-Tank-Romper-Baby-Lavender.html
Oakland,"Cerwin Vega - XD5 5"" 50W 2-Way Floor Speakers (Pair) - Multi",http://oakland.locanto.com/ID_489990482/Cerwin-Vega-XD5-5-50W-2-Way-Floor-Speakers-Pair-Multi.html
Oakland,Samson - Tourtek 1' Instrument Cable - Black,http://oakland.locanto.com/ID_490217897/Samson-Tourtek-1-Instrument-Cable-Black.html
Oakland,Green sprouts by i play. 2 Pack Training Pants (Baby),http://oakland.locanto.com/ID_486128062/Green-sprouts-by-i-play-2-Pack-Training-Pants-Baby.html
Oakland,Absorba Paris Bear Top (Baby) - Oatmeal/White,http://oakland.locanto.com/ID_486128191/Absorba-Paris-Bear-Top-Baby-Oatmeal-White.html
San Francisco,Absorba Paris Animal Print Dress Set (Baby) - Pink,http://sanfrancisco.locanto.com/ID_486128202/Absorba-Paris-Animal-Print-Dress-Set-Baby-Pink.html
San Francisco,Adidas Ball Hero Tee (Toddler/Kid) - Med Green (boys),http://sanfrancisco.locanto.com/ID_480068449/Adidas-Ball-Hero-Tee-Toddler-Kid-Med-Green-boys.html
San Francisco,Hotone - Skyline WHIP Metal Distortion Stomp Box - Black/Red,http://sanfrancisco.locanto.com/ID_477342439/Hotone-Skyline-WHIP-Metal-Distortion-Stomp-Box-Black-Red.html
San Francisco,KicKee Pants Print Layette & Double Knot Hat Set (Baby)-Ant,http://sanfrancisco.locanto.com/ID_473652957/KicKee-Pants-Print-Layette-Double-Knot-Hat-Set-Baby-Ant.html
San Francisco,KicKee Pants Print Layette & Knot Hat Set (Baby)-Garden ...,http://sanfrancisco.locanto.com/ID_473652979/KicKee-Pants-Print-Layette-Knot-Hat-Set-Baby-Garden.html
Oakland,KicKee Pants Print Layette & Knot Hat set (Baby)-Pond Roly Poly,http://oakland.locanto.com/ID_473653354/KicKee-Pants-Print-Layette-Knot-Hat-set-Baby-Pond-Roly-Poly.html
San Francisco,Sun-San Sea Wees (girls),http://sanfrancisco.locanto.com/ID_473078805/Sun-San-Sea-Wees-girls.html
Oakland,Kissy Kissy Stripe Footie (Baby) - Fushia (girls),http://oakland.locanto.com/ID_472227619/Kissy-Kissy-Stripe-Footie-Baby-Fushia-girls.html
Oakland,Mini Melissa Mini Zig Zag (Toddler),http://oakland.locanto.com/ID_471229032/Mini-Melissa-Mini-Zig-Zag-Toddler.html
Oakland,Petit Lem 2 Pack Sweet Bunny Diaper Shirts (Baby) - Pink (girls),http://oakland.locanto.com/ID_470019365/Petit-Lem-2-Pack-Sweet-Bunny-Diaper-Shirts-Baby-Pink-girls.html
San Francisco,Carter's 2 Piece Floral Dress Set (Baby) - Light Blue,http://sanfrancisco.locanto.com/ID_467002971/Carter-s-2-Piece-Floral-Dress-Set-Baby-Light-Blue.html
San Francisco,Carter's 4 Pack Sport Bodysuits (Baby) - Navy (boys),http://sanfrancisco.locanto.com/ID_467003071/Carter-s-4-Pack-Sport-Bodysuits-Baby-Navy-boys.html
Oakland,Carter's 4 Piece Layette Set (Baby) - Dinosaur (boys),http://oakland.locanto.com/ID_467003155/Carter-s-4-Piece-Layette-Set-Baby-Dinosaur-boys.html
San Francisco,Carter's Aloha Tee (Toddler/Kid) - Blue,http://sanfrancisco.locanto.com/ID_467003649/Carter-s-Aloha-Tee-Toddler-Kid-Blue.html
Oakland,Puma Core Shorts (Baby) - Fire Orange,http://oakland.locanto.com/ID_466532503/Puma-Core-Shorts-Baby-Fire-Orange.html
Oakland,Magnificent Baby Hippo Friends Bodysuit Pant Set (Baby) - ...,http://oakland.locanto.com/ID_462084432/Magnificent-Baby-Hippo-Friends-Bodysuit-Pant-Set-Baby.html
San Francisco,Magnificent Baby Oranges & Lemons Kimono Pant Set (Baby) - ...,http://sanfrancisco.locanto.com/ID_462084445/Magnificent-Baby-Oranges-Lemons-Kimono-Pant-Set-Baby.html
San Francisco,Egg by Susan Lazar Girl On Bike Graphic Tunic (Toddler/Kid) ...,http://sanfrancisco.locanto.com/ID_462084484/Egg-by-Susan-Lazar-Girl-On-Bike-Graphic-Tunic-Toddler-Kid.html
Oakland,Burt's Bees Baby Striped Reversible Skirt (Toddler/Kid) - ...,http://oakland.locanto.com/ID_459382696/Burt-s-Bees-Baby-Striped-Reversible-Skirt-Toddler-Kid.html
San Francisco,Vans Dewitt Shorts (Kid) - Beet Red Heather (boys),http://sanfrancisco.locanto.com/ID_459383838/Vans-Dewitt-Shorts-Kid-Beet-Red-Heather-boys.html
Oakland,Vans Native Stripe Pocket Tee T-Shirt (Kid) - Navy,http://oakland.locanto.com/ID_459383866/Vans-Native-Stripe-Pocket-Tee-T-Shirt-Kid-Navy.html
San Francisco,Appaman Onesie (Baby) - Vintage Black,http://sanfrancisco.locanto.com/ID_458488420/Appaman-Onesie-Baby-Vintage-Black.html
Oakland,Belly Bandit Thighs Disguise Support Shorts - Nude,http://oakland.locanto.com/ID_455844810/Belly-Bandit-Thighs-Disguise-Support-Shorts-Nude.html
Oakland,Urban MA Crochet Dress - Black,http://oakland.locanto.com/ID_455845212/Urban-MA-Crochet-Dress-Black.html
San Francisco,Trumpette Meow Gift Set (Baby) - Black (boys),http://sanfrancisco.locanto.com/ID_453934875/Trumpette-Meow-Gift-Set-Baby-Black-boys.html
San Francisco,Magnificent Baby Hippo Friends Reversible Cardigan (Baby) - ...,http://sanfrancisco.locanto.com/ID_453250774/Magnificent-Baby-Hippo-Friends-Reversible-Cardigan-Baby.html
Oakland,Saltwater by Hoy Surfer Urethane (girls),http://oakland.locanto.com/ID_452582378/Saltwater-by-Hoy-Surfer-Urethane-girls.html
San Francisco,Saltwater by Hoy Strappy (unisex),http://sanfrancisco.locanto.com/ID_451887272/Saltwater-by-Hoy-Strappy-unisex.html
Oakland,Western Chief Light Up Abstract BloomsRain Boot (Tod),http://oakland.locanto.com/ID_451887658/Western-Chief-Light-Up-Abstract-BloomsRain-Boot-Tod.html
San Francisco,Out of Print Goodnight Moon Bodysuit (Baby)-Kelly Green,http://sanfrancisco.locanto.com/ID_451254070/Out-of-Print-Goodnight-Moon-Bodysuit-Baby-Kelly-Green.html
Oakland,Puma No 1 Logo Tee (Baby) - Aqua Blue (boys),http://oakland.locanto.com/ID_451254303/Puma-No-1-Logo-Tee-Baby-Aqua-Blue-boys.html
San Francisco,City Threads Surfboards Stripe Graphic Tee (Baby) - Sea,http://sanfrancisco.locanto.com/ID_450382846/City-Threads-Surfboards-Stripe-Graphic-Tee-Baby-Sea.html
Oakland,RODE - NT1 Cardioid Condenser Microphone - Black,http://oakland.locanto.com/ID_450383631/RODE-NT1-Cardioid-Condenser-Microphone-Black.html
San Francisco,Kickee Pants Print Ruffle Shorts (Baby) - Bubblegum Stripe,http://sanfrancisco.locanto.com/ID_447828536/Kickee-Pants-Print-Ruffle-Shorts-Baby-Bubblegum-Stripe.html
San Francisco,Charlie Rocket Pull On Twill Shorts (Baby) - Blue,http://sanfrancisco.locanto.com/ID_447828631/Charlie-Rocket-Pull-On-Twill-Shorts-Baby-Blue.html
Oakland,Carter's Striped Tee (Toddler/Kid) - Coral (boy),http://oakland.locanto.com/ID_445508514/Carter-s-Striped-Tee-Toddler-Kid-Coral-boy.html
Oakland,Kickee Pants Applique Tee (Baby) - Balloon Popsicle (girls),http://oakland.locanto.com/ID_445508769/Kickee-Pants-Applique-Tee-Baby-Balloon-Popsicle-girls.html
Oakland,Splendid Ribbon Sweater Loose Knit (Toddler/Kid),http://oakland.locanto.com/ID_445508907/Splendid-Ribbon-Sweater-Loose-Knit-Toddler-Kid.html
Oakland,E-Land Kids Anna Dress (Toddler/Kid) - Navy,http://oakland.locanto.com/ID_445509104/E-Land-Kids-Anna-Dress-Toddler-Kid-Navy.html
San Francisco,Carter's 2 Piece Capri Set (Baby) - Print (girls),http://sanfrancisco.locanto.com/ID_445509160/Carter-s-2-Piece-Capri-Set-Baby-Print-girls.html
San Francisco,Carter's 2 Piece Dress Set (Baby) - Olive (girls),http://sanfrancisco.locanto.com/ID_445509312/Carter-s-2-Piece-Dress-Set-Baby-Olive-girls.html
Oakland,Carter's Graphic Tee (Toddler/Kid) - Butterflies (girl),http://oakland.locanto.com/ID_445514190/Carter-s-Graphic-Tee-Toddler-Kid-Butterflies-girl.html
Oakland,Carter's Slogan Tee (Toddler/Kid) - Born Tough,http://oakland.locanto.com/ID_445514460/Carter-s-Slogan-Tee-Toddler-Kid-Born-Tough.html
Oakland,Carter's Slogan Tee (Toddler/Kid) - Future Draft Pick,http://oakland.locanto.com/ID_445514474/Carter-s-Slogan-Tee-Toddler-Kid-Future-Draft-Pick.html
San Francisco,Carter's Rosette Top (Toddler/Kid) - Denim (girl),http://sanfrancisco.locanto.com/ID_445515002/Carter-s-Rosette-Top-Toddler-Kid-Denim-girl.html
Oakland,Carter's Print Tank (Baby) - Palm Tree (girls),http://oakland.locanto.com/ID_445515629/Carter-s-Print-Tank-Baby-Palm-Tree-girls.html
Oakland,Carter's Knit Shorts (Toddler/Kid) - Yellow (girl),http://oakland.locanto.com/ID_445515697/Carter-s-Knit-Shorts-Toddler-Kid-Yellow-girl.html
Oakland,Carter's Print Woven Shorts (Toddler/Kid) - Geometric (girl),http://oakland.locanto.com/ID_445515764/Carter-s-Print-Woven-Shorts-Toddler-Kid-Geometric-girl.html
San Francisco,Carter's Striped Tee (Baby) - Green/Navy (boy),http://sanfrancisco.locanto.com/ID_445515963/Carter-s-Striped-Tee-Baby-Green-Navy-boy.html
Oakland,Carter's Striped Tee (Baby) - Green/Navy,http://oakland.locanto.com/ID_445515965/Carter-s-Striped-Tee-Baby-Green-Navy.html
Oakland,OshKosh B'gosh Print Shortall (Baby) - Print,http://oakland.locanto.com/ID_445516447/OshKosh-B-gosh-Print-Shortall-Baby-Print.html
San Francisco,"Carter's 2 Piece Woven Set, Black",http://sanfrancisco.locanto.com/ID_445516836/Carter-s-2-Piece-Woven-Set-Black.html
San Francisco,Carter's 3 Piece Diaper Cover Set (Baby) - Anchors,http://sanfrancisco.locanto.com/ID_445516846/Carter-s-3-Piece-Diaper-Cover-Set-Baby-Anchors.html
San Francisco,Appaman Romper (Toddler/Kid) - Pineapple,http://sanfrancisco.locanto.com/ID_445516980/Appaman-Romper-Toddler-Kid-Pineapple.html
Oakland,Cross Sandal (Tod/Yth),http://oakland.locanto.com/ID_445518313/Cross-Sandal-Tod-Yth.html
Oakland,Carter's 2 Piece Dress Set (Baby) - Black (girls),http://oakland.locanto.com/ID_445518870/Carter-s-2-Piece-Dress-Set-Baby-Black-girls.html
San Francisco,OshKosh B'gosh Striped Knit Tunic (Toddler/Kid) - Stripe,http://sanfrancisco.locanto.com/ID_445519005/OshKosh-B-gosh-Striped-Knit-Tunic-Toddler-Kid-Stripe.html
Oakland,Carter's 3 Piece Print PJ Set (Baby) - Crab (boys),http://oakland.locanto.com/ID_445519242/Carter-s-3-Piece-Print-PJ-Set-Baby-Crab-boys.html
Oakland,Appaman Curved Slub Henley (Toddler/Kid) - Vintage Black,http://oakland.locanto.com/ID_441103237/Appaman-Curved-Slub-Henley-Toddler-Kid-Vintage-Black.html
Oakland,Appaman Distressed Polo (Toddler/Kid) - Indigo (boys),http://oakland.locanto.com/ID_441103257/Appaman-Distressed-Polo-Toddler-Kid-Indigo-boys.html
Oakland,Appaman Sneakers Print Tee (Toddler/Kid) - Heather (boys),http://oakland.locanto.com/ID_441103428/Appaman-Sneakers-Print-Tee-Toddler-Kid-Heather-boys.html
Oakland,Pediped Flex Lorraine (Tod/Yth),http://oakland.locanto.com/ID_439894248/Pediped-Flex-Lorraine-Tod-Yth.html
Oakland,Angel Dear Miracle Garden Playsuit (Baby) - Pink (girls),http://oakland.locanto.com/ID_439919590/Angel-Dear-Miracle-Garden-Playsuit-Baby-Pink-girls.html
Oakland,Saltwater by Hoy Surfer Urethane,http://oakland.locanto.com/ID_438662320/Saltwater-by-Hoy-Surfer-Urethane.html
Oakland,Sweet Peanut Ribbon Gown (Baby),http://oakland.locanto.com/ID_437760298/Sweet-Peanut-Ribbon-Gown-Baby.html
San Francisco,Saltwater by Hoy The Original Sandal (Infant/Toddler/Youth) ...,http://sanfrancisco.locanto.com/ID_437124928/Saltwater-by-Hoy-The-Original-Sandal-Infant-Toddler-Youth.html
San Francisco,E-Land Kids Plaid Shirt (Toddler/Kid) - Multicolor (boys),http://sanfrancisco.locanto.com/ID_435144967/E-Land-Kids-Plaid-Shirt-Toddler-Kid-Multicolor-boys.html
San Francisco,Tycoon Percussion - Medium Agogo Bell - Black,http://sanfrancisco.locanto.com/ID_434675239/Tycoon-Percussion-Medium-Agogo-Bell-Black.html
San Francisco,Other Instruments: MXL - Cardioid Condenser/Instrument ...,http://sanfrancisco.locanto.com/ID_433789568/Other-Instruments-MXL-Cardioid-Condenser-Instrument.html
Oakland,Levi's Huntington Cargo Shorts (Toddler/Kid) - Lark Khaki (boys),http://oakland.locanto.com/ID_431349290/Levi-s-Huntington-Cargo-Shorts-Toddler-Kid-Lark-Khaki-boys.html
San Francisco,City Threads Big Wave Riding Graphic Tee (Toddler/Kid) - Elf,http://sanfrancisco.locanto.com/ID_431349520/City-Threads-Big-Wave-Riding-Graphic-Tee-Toddler-Kid-Elf.html
Oakland,Charlie Rocket Long Twill Shorts (Toddler/Kid) - Granite,http://oakland.locanto.com/ID_430008906/Charlie-Rocket-Long-Twill-Shorts-Toddler-Kid-Granite.html
Oakland,Puma Big Cat Hoodie (Kid) - Yellow (boys),http://oakland.locanto.com/ID_429363565/Puma-Big-Cat-Hoodie-Kid-Yellow-boys.html
Oakland,Petit Lem Perfume Diva 2 Piece Set (Baby) - Pink,http://oakland.locanto.com/ID_429363829/Petit-Lem-Perfume-Diva-2-Piece-Set-Baby-Pink.html
San Francisco,Charlie Rocket Rib Waist Twill Pant (Baby) - Olive,http://sanfrancisco.locanto.com/ID_426700685/Charlie-Rocket-Rib-Waist-Twill-Pant-Baby-Olive.html
San Francisco,Magnificent Baby Daises Pique Polo Romper (Baby) - Green (girls),http://sanfrancisco.locanto.com/ID_424888569/Magnificent-Baby-Daises-Pique-Polo-Romper-Baby-Green-girls.html
San Francisco,Diesel Tee W/Mesh Sleeves (Baby) - Raspberry,http://sanfrancisco.locanto.com/ID_424888915/Diesel-Tee-W-Mesh-Sleeves-Baby-Raspberry.html
Oakland,Carter's Striped Romper (Baby) - Monkey,http://oakland.locanto.com/ID_423931668/Carter-s-Striped-Romper-Baby-Monkey.html
Oakland,City Threads Cotton Tank Top (Toddler/Kid) - Bright lt Blue,http://oakland.locanto.com/ID_422773467/City-Threads-Cotton-Tank-Top-Toddler-Kid-Bright-lt-Blue.html
San Francisco,OshKosh B'gosh Striped Knit Tunic (Toddler/Kid) - Coral,http://sanfrancisco.locanto.com/ID_422773680/OshKosh-B-gosh-Striped-Knit-Tunic-Toddler-Kid-Coral.html
Oakland,Absorba At the Circus 2 Piece Short Set (Baby) - Blue,http://oakland.locanto.com/ID_422773853/Absorba-At-the-Circus-2-Piece-Short-Set-Baby-Blue.html
Oakland,Erge Striped Camisole (Kid) - Neon Pink (girls),http://oakland.locanto.com/ID_422773952/Erge-Striped-Camisole-Kid-Neon-Pink-girls.html
San Francisco,JoJo Maman Bebe Pretty T-Shirt (Baby)-Strawberry,http://sanfrancisco.locanto.com/ID_422774090/JoJo-Maman-Bebe-Pretty-T-Shirt-Baby-Strawberry.html
San Francisco,KicKee Pants Layette Set (Baby) - Glacier (boys),http://sanfrancisco.locanto.com/ID_422774751/KicKee-Pants-Layette-Set-Baby-Glacier-boys.html
San Francisco,KicKee Pants Cargo Pants (Baby) - Midnight (boys),http://sanfrancisco.locanto.com/ID_422774814/KicKee-Pants-Cargo-Pants-Baby-Midnight-boys.html
San Francisco,KicKee Pants Print Cargo Pants (Baby) - Goldfish Stripe,http://sanfrancisco.locanto.com/ID_422774822/KicKee-Pants-Print-Cargo-Pants-Baby-Goldfish-Stripe.html
San Francisco,Disney Sofia Graphic Tee (Toddler) - Pink,http://sanfrancisco.locanto.com/ID_422775783/Disney-Sofia-Graphic-Tee-Toddler-Pink.html
San Francisco,Carter's 3 Piece Cardigan Set (Baby) - Purple (girls),http://sanfrancisco.locanto.com/ID_422776031/Carter-s-3-Piece-Cardigan-Set-Baby-Purple-girls.html
San Francisco,The Looking Glass Wars,http://sanfrancisco.locanto.com/ID_422776179/The-Looking-Glass-Wars.html
San Francisco,Sargent Art 8 oz. Metallic Acrylic Paint (girls),http://sanfrancisco.locanto.com/ID_422776536/Sargent-Art-8-oz-Metallic-Acrylic-Paint-girls.html
Oakland,Dino Bebe Polka Dot Tunic Top (Toddler/Kid) - Pink,http://oakland.locanto.com/ID_422776661/Dino-Bebe-Polka-Dot-Tunic-Top-Toddler-Kid-Pink.html
San Francisco,"Vans ""Captain Fin"" Tee (Kids) (boys)",http://sanfrancisco.locanto.com/ID_422776687/Vans-Captain-Fin-Tee-Kids-boys.html
Oakland,LEBIG Jumpsuit (Toddler/Kids),http://oakland.locanto.com/ID_422776787/LEBIG-Jumpsuit-Toddler-Kids.html
San Francisco,City Threads Toolbox 2Fer (Baby) - Navy (boys),http://sanfrancisco.locanto.com/ID_422776881/City-Threads-Toolbox-2Fer-Baby-Navy-boys.html
San Francisco,OshKosh B'gosh Striped Chambray Shortall (Baby) - ...,http://sanfrancisco.locanto.com/ID_422776991/OshKosh-B-gosh-Striped-Chambray-Shortall-Baby.html
Oakland,Sweet Peanut Sweetpea Gown (Baby) - Paradise (girls),http://oakland.locanto.com/ID_422777168/Sweet-Peanut-Sweetpea-Gown-Baby-Paradise-girls.html
San Francisco,HALO SleepSack Wearable Blanket Microfleece - Pink Small,http://sanfrancisco.locanto.com/ID_422777293/HALO-SleepSack-Wearable-Blanket-Microfleece-Pink-Small.html
Oakland,I play Brights Organic Yoga Pants (Baby) (girls),http://oakland.locanto.com/ID_422777525/I-play-Brights-Organic-Yoga-Pants-Baby-girls.html
San Francisco,JoJo Maman Bebe Knit Hooded Cardigan (Toddler/Kid) - Navy (boys),http://sanfrancisco.locanto.com/ID_422778329/JoJo-Maman-Bebe-Knit-Hooded-Cardigan-Toddler-Kid-Navy-boys.html
Oakland,KicKee Pants Piece Print Puff Tee (Baby) - Natural Pelican ...,http://oakland.locanto.com/ID_422778402/KicKee-Pants-Piece-Print-Puff-Tee-Baby-Natural-Pelican.html
Oakland,Appaman Alice Dress (Baby)-Waikiki (girls),http://oakland.locanto.com/ID_422779849/Appaman-Alice-Dress-Baby-Waikiki-girls.html
San Francisco,Kickee Pants Kimono Tee (Toddler/Kid) - Winter Rose (girls),http://sanfrancisco.locanto.com/ID_422780659/Kickee-Pants-Kimono-Tee-Toddler-Kid-Winter-Rose-girls.html
Oakland,Design History Hi-Lo Tunic (Toddler/Kids) (girls),http://oakland.locanto.com/ID_422780789/Design-History-Hi-Lo-Tunic-Toddler-Kids-girls.html
Oakland,City Threads Soft Bike Shorts (Baby) - Hot Pink (girls),http://oakland.locanto.com/ID_422780944/City-Threads-Soft-Bike-Shorts-Baby-Hot-Pink-girls.html
San Francisco,JJ Cole BundleMe Hat - Cream,http://sanfrancisco.locanto.com/ID_422781118/JJ-Cole-BundleMe-Hat-Cream.html
San Francisco,Kickee Pants by Kickee Pants Print Lace Trimmed Tee ...,http://sanfrancisco.locanto.com/ID_422781278/Kickee-Pants-by-Kickee-Pants-Print-Lace-Trimmed-Tee.html
Oakland,Plush Maternity Fleece-Lined Over Belly Leggings,http://oakland.locanto.com/ID_422781419/Plush-Maternity-Fleece-Lined-Over-Belly-Leggings.html
San Francisco,Jojo Maman Bebe Seamless Maternity/Nursing Bra - White,http://sanfrancisco.locanto.com/ID_422781726/Jojo-Maman-Bebe-Seamless-Maternity-Nursing-Bra-White.html
Oakland,K-Way Claude Klassic Kids - Navy (girls),http://oakland.locanto.com/ID_422781922/K-Way-Claude-Klassic-Kids-Navy-girls.html
San Francisco,JoJo Maman Bebe Reindeer Jumper (Toddler/Kid) - Red (girls),http://sanfrancisco.locanto.com/ID_422782670/JoJo-Maman-Bebe-Reindeer-Jumper-Toddler-Kid-Red-girls.html
Oakland,JoJo Maman Bebe Pretty Round Neck Bodysuit,http://oakland.locanto.com/ID_422782996/JoJo-Maman-Bebe-Pretty-Round-Neck-Bodysuit.html
Oakland,Hudson Collin Skinny Jeans (Toddler/Kid) - Hippie Sky,http://oakland.locanto.com/ID_422783862/Hudson-Collin-Skinny-Jeans-Toddler-Kid-Hippie-Sky.html
Oakland,Charlie Rocket 4 X 4 Thermal Tee (Baby) - Oyster,http://oakland.locanto.com/ID_422784067/Charlie-Rocket-4-X-4-Thermal-Tee-Baby-Oyster.html
San Francisco,"Carter's Graphic Slogan Bodysuit (Baby), Coolest Nephew ...",http://sanfrancisco.locanto.com/ID_422784069/Carter-s-Graphic-Slogan-Bodysuit-Baby-Coolest-Nephew.html
San Francisco,JoJo Maman Bebe Reindeer Sleepsuit (girls),http://sanfrancisco.locanto.com/ID_422784474/JoJo-Maman-Bebe-Reindeer-Sleepsuit-girls.html
Oakland,A Picture Book of Louis Braille,http://oakland.locanto.com/ID_422784839/A-Picture-Book-of-Louis-Braille.html
Oakland,The Elijah Door: A Passover Tale,http://oakland.locanto.com/ID_422784848/The-Elijah-Door-A-Passover-Tale.html
San Francisco,Manners & Customs in the Middle Ages,http://sanfrancisco.locanto.com/ID_422785239/Manners-Customs-in-the-Middle-Ages.html
Oakland,City Threads T-Rex Face 2Fer (Baby) - Navy,http://oakland.locanto.com/ID_422785492/City-Threads-T-Rex-Face-2Fer-Baby-Navy.html
Oakland,"Carter's Dot Print Romper (Baby), Whale (girls)",http://oakland.locanto.com/ID_422785986/Carter-s-Dot-Print-Romper-Baby-Whale-girls.html
Oakland,Pregnancy: The Beginner's Guide,http://oakland.locanto.com/ID_422786172/Pregnancy-The-Beginner-s-Guide.html
Oakland,Bravado Designs The Sweet Pea Nursing Bra-Black Licorice,http://oakland.locanto.com/ID_422786222/Bravado-Designs-The-Sweet-Pea-Nursing-Bra-Black-Licorice.html
Oakland,Hanna Andersson Tanja Slip On Espadrille (Toddler),http://oakland.locanto.com/ID_422786325/Hanna-Andersson-Tanja-Slip-On-Espadrille-Toddler.html
San Francisco,Tractr T Strap Tank (Kid) - Pink (girls),http://sanfrancisco.locanto.com/ID_422786421/Tractr-T-Strap-Tank-Kid-Pink-girls.html
San Francisco,Hanna Andersson Jessika Mary Jane (Inf/Tod) (girls),http://sanfrancisco.locanto.com/ID_422786557/Hanna-Andersson-Jessika-Mary-Jane-Inf-Tod-girls.html
Oakland,The Insect Book,http://oakland.locanto.com/ID_422786691/The-Insect-Book.html
Oakland,Diesel 'Grupeen J' Jeans (Kids) (girls),http://oakland.locanto.com/ID_422787147/Diesel-Grupeen-J-Jeans-Kids-girls.html
San Francisco,Earth (Book+CD),http://sanfrancisco.locanto.com/ID_422787259/Earth-Book-CD.html
San Francisco,Diesel 'Tuyork' T-Shirt (Kids),http://sanfrancisco.locanto.com/ID_422787275/Diesel-Tuyork-T-Shirt-Kids.html
Oakland,Diesel 'Tabasc' T-Shirt (Kids) (girls),http://oakland.locanto.com/ID_422787322/Diesel-Tabasc-T-Shirt-Kids-girls.html
San Francisco,City Threads Super Soft Polo (Toddler/Kid) - White (girls),http://sanfrancisco.locanto.com/ID_422787652/City-Threads-Super-Soft-Polo-Toddler-Kid-White-girls.html
San Francisco,Saltwater by Hoy The Original Sandal,http://sanfrancisco.locanto.com/ID_422787786/Saltwater-by-Hoy-The-Original-Sandal.html
San Francisco,JoJo Maman Bebe Fishermans Coat (Toddler/Kid) - Navy Floral ...,http://sanfrancisco.locanto.com/ID_422787905/JoJo-Maman-Bebe-Fishermans-Coat-Toddler-Kid-Navy-Floral.html
San Francisco,JoJo Maman Bebe Fair Isle Cardigan (Baby) - Natural,http://sanfrancisco.locanto.com/ID_422787949/JoJo-Maman-Bebe-Fair-Isle-Cardigan-Baby-Natural.html
San Francisco,JoJo Maman Bebe Striped Rugby Top (Baby) - Navy,http://sanfrancisco.locanto.com/ID_422788441/JoJo-Maman-Bebe-Striped-Rugby-Top-Baby-Navy.html
San Francisco,JoJo Maman Bebe Plain Poloshirt Body (Baby) - Ecru (boys),http://sanfrancisco.locanto.com/ID_422788842/JoJo-Maman-Bebe-Plain-Poloshirt-Body-Baby-Ecru-boys.html
Oakland,JoJo Maman Bebe Pretty Cord Pull-Ups (Baby) - Plum,http://oakland.locanto.com/ID_422789138/JoJo-Maman-Bebe-Pretty-Cord-Pull-Ups-Baby-Plum.html
San Francisco,JoJo Maman Bebe Fair Isle Dress (Baby) - Natural,http://sanfrancisco.locanto.com/ID_422789208/JoJo-Maman-Bebe-Fair-Isle-Dress-Baby-Natural.html
Oakland,JoJo Maman Bebe Pretty Cord Dress (Baby) - Navy (girls),http://oakland.locanto.com/ID_422789237/JoJo-Maman-Bebe-Pretty-Cord-Dress-Baby-Navy-girls.html
San Francisco,JoJo Maman Bebe Badger Top (Baby) - Navy/Blue Stripe,http://sanfrancisco.locanto.com/ID_422789357/JoJo-Maman-Bebe-Badger-Top-Baby-Navy-Blue-Stripe.html
San Francisco,JoJo Maman Bebe 2 Pack Leggings (Toddler/Kid) - Mulbery,http://sanfrancisco.locanto.com/ID_422789596/JoJo-Maman-Bebe-2-Pack-Leggings-Toddler-Kid-Mulbery.html
Oakland,JoJo Maman Bebe Striped Leggings (Baby) - Elephant,http://oakland.locanto.com/ID_422789610/JoJo-Maman-Bebe-Striped-Leggings-Baby-Elephant.html
San Francisco,BOGS Rainboot (Tod/Yth) (boys),http://sanfrancisco.locanto.com/ID_422789617/BOGS-Rainboot-Tod-Yth-boys.html
San Francisco,Vans Excerpt Chino (boys),http://sanfrancisco.locanto.com/ID_422789928/Vans-Excerpt-Chino-boys.html
San Francisco,I play Brights Organic Muslin Swaddle Blanket- Light Aqua- ...,http://sanfrancisco.locanto.com/ID_422790032/I-play-Brights-Organic-Muslin-Swaddle-Blanket-Light-Aqua.html
San Francisco,Carter's 4 Piece Pant PJ Set (Baby) - Captain,http://sanfrancisco.locanto.com/ID_422790408/Carter-s-4-Piece-Pant-PJ-Set-Baby-Captain.html
San Francisco,Playcraft Table Top Air Hockey Table (girls),http://sanfrancisco.locanto.com/ID_422790555/Playcraft-Table-Top-Air-Hockey-Table-girls.html
San Francisco,Diesel 'Pansi-El Cargo' Shorts (Kids),http://sanfrancisco.locanto.com/ID_422791147/Diesel-Pansi-El-Cargo-Shorts-Kids.html
San Francisco,Carter's 2 Piece Pant PJ Set (Baby) - Owl,http://sanfrancisco.locanto.com/ID_422791830/Carter-s-2-Piece-Pant-PJ-Set-Baby-Owl.html
Oakland,Ella Moss Abstract Floral Chambray Dress (Kid) - Chambray ...,http://oakland.locanto.com/ID_422792191/Ella-Moss-Abstract-Floral-Chambray-Dress-Kid-Chambray.html
San Francisco,"Caspari Chevron Green Tissue Paper, 4 Sheets",http://sanfrancisco.locanto.com/ID_422792245/Caspari-Chevron-Green-Tissue-Paper-4-Sheets.html
Oakland,Kiwi Bubble Pants (Baby) - Midnight Solid,http://oakland.locanto.com/ID_422792370/Kiwi-Bubble-Pants-Baby-Midnight-Solid.html
Oakland,Kiwi Jumper Dress (Baby) - Pink/Midnight Stripe (girls),http://oakland.locanto.com/ID_422792446/Kiwi-Jumper-Dress-Baby-Pink-Midnight-Stripe-girls.html
Oakland,Kiwi Hazel Top (Baby) - Farm Print,http://oakland.locanto.com/ID_422792458/Kiwi-Hazel-Top-Baby-Farm-Print.html
Oakland,KicKee Pants Applique Tee (Toddler/Kid) - Winter Rose Nautilus,http://oakland.locanto.com/ID_422792568/KicKee-Pants-Applique-Tee-Toddler-Kid-Winter-Rose-Nautilus.html
San Francisco,OshKosh B'gosh Varsity Knit Top (Kids),http://sanfrancisco.locanto.com/ID_422793152/OshKosh-B-gosh-Varsity-Knit-Top-Kids.html
San Francisco,Angel Dear Wonderland Coverall (Baby) - Pale Pink (girls),http://sanfrancisco.locanto.com/ID_422793922/Angel-Dear-Wonderland-Coverall-Baby-Pale-Pink-girls.html
Oakland,Carter's Athletic Tank (Kids),http://oakland.locanto.com/ID_422793997/Carter-s-Athletic-Tank-Kids.html
San Francisco,JoJo Maman Bebe 3 Pack Tanks (Toddler/Kid)-White,http://sanfrancisco.locanto.com/ID_422796315/JoJo-Maman-Bebe-3-Pack-Tanks-Toddler-Kid-White.html
San Francisco,JoJo Maman Bebe Twill Overall Dress (Toddler) - Rhubarb (girls),http://sanfrancisco.locanto.com/ID_422796771/JoJo-Maman-Bebe-Twill-Overall-Dress-Toddler-Rhubarb-girls.html
San Francisco,JoJo Maman Bebe Twill Baby Pull Ups (Baby) - Navy (girls),http://sanfrancisco.locanto.com/ID_422796890/JoJo-Maman-Bebe-Twill-Baby-Pull-Ups-Baby-Navy-girls.html
San Francisco,JoJo Maman Bebe Birdie Dress (Baby) - Orchid (girls),http://sanfrancisco.locanto.com/ID_422797006/JoJo-Maman-Bebe-Birdie-Dress-Baby-Orchid-girls.html
San Francisco,JoJo Maman Bebe Crab Romper (Baby) - Blue/White Stripe (boys),http://sanfrancisco.locanto.com/ID_422797132/JoJo-Maman-Bebe-Crab-Romper-Baby-Blue-White-Stripe-boys.html
San Francisco,SKLZ D-Man Basketball,http://sanfrancisco.locanto.com/ID_422797821/SKLZ-D-Man-Basketball.html
San Francisco,Levi's 505 Regular Fit Jeans (Toddler/Kid)-Clouded Tones,http://sanfrancisco.locanto.com/ID_422798162/Levi-s-505-Regular-Fit-Jeans-Toddler-Kid-Clouded-Tones.html
Oakland,Levi's 514 Straight Fit,http://oakland.locanto.com/ID_422799389/Levi-s-514-Straight-Fit.html
Oakland,Vans Classic Slip-On (Tod/Yth) (unisex),http://oakland.locanto.com/ID_422803296/Vans-Classic-Slip-On-Tod-Yth-unisex.html
San Francisco,L'ovedbaby Organic Legging (Baby) - White,http://sanfrancisco.locanto.com/ID_422805465/L-ovedbaby-Organic-Legging-Baby-White.html
San Francisco,Kickee Pants Print Ruffle Pant (Baby) - Island Girl Stripe,http://sanfrancisco.locanto.com/ID_422805503/Kickee-Pants-Print-Ruffle-Pant-Baby-Island-Girl-Stripe.html
San Francisco,The Magic School Bus Explores the Senses,http://sanfrancisco.locanto.com/ID_422806049/The-Magic-School-Bus-Explores-the-Senses.html
San Francisco,Halo Fleece Swaddle,http://sanfrancisco.locanto.com/ID_422806419/Halo-Fleece-Swaddle.html
San Francisco,Kickee Pants Print Puff Tee (Baby) - Hummingbird (girls),http://sanfrancisco.locanto.com/ID_422806760/Kickee-Pants-Print-Puff-Tee-Baby-Hummingbird-girls.html
Oakland,Kickee Pants Print Polo (Baby) - Meadow Argyle Lattice,http://oakland.locanto.com/ID_422806847/Kickee-Pants-Print-Polo-Baby-Meadow-Argyle-Lattice.html
San Francisco,Masala Baby 2 Piece Laya Dress Set (Baby) - Chevron Ikat ...,http://sanfrancisco.locanto.com/ID_422806965/Masala-Baby-2-Piece-Laya-Dress-Set-Baby-Chevron-Ikat.html
San Francisco,KicKee Pants Print Puff Tee (Toddler/Kid) - Cherry Tree,http://sanfrancisco.locanto.com/ID_422807350/KicKee-Pants-Print-Puff-Tee-Toddler-Kid-Cherry-Tree.html
Oakland,KicKee Pants Footed Pant with Skirt (Baby) - Lotus Butterfly,http://oakland.locanto.com/ID_422808466/KicKee-Pants-Footed-Pant-with-Skirt-Baby-Lotus-Butterfly.html
Oakland,JoJo Maman Bebe Fleece Lined Jacket (Toddler/Kid) - ...,http://oakland.locanto.com/ID_422808893/JoJo-Maman-Bebe-Fleece-Lined-Jacket-Toddler-Kid.html
Oakland,Rose Pistol 'Woodcare' Basic Contrast Tee (Kids) (boys),http://oakland.locanto.com/ID_422809625/Rose-Pistol-Woodcare-Basic-Contrast-Tee-Kids-boys.html
San Francisco,Joe's Jeans Kids Jeggings (Toddler/Kid) - Corrine,http://sanfrancisco.locanto.com/ID_422809829/Joe-s-Jeans-Kids-Jeggings-Toddler-Kid-Corrine.html
Oakland,Baby Deedee Sleep Nest - Navy,http://oakland.locanto.com/ID_422810483/Baby-Deedee-Sleep-Nest-Navy.html
San Francisco,LaMade Kids Elle Skeggings (Baby) - Neon Pink (girls),http://sanfrancisco.locanto.com/ID_422810507/LaMade-Kids-Elle-Skeggings-Baby-Neon-Pink-girls.html
San Francisco,Saltwater by Hoy The Original Sandal,http://sanfrancisco.locanto.com/ID_422811099/Saltwater-by-Hoy-The-Original-Sandal.html
San Francisco,Design History Heart Trim Striped Top (Toddler/Kid) - Mod ...,http://sanfrancisco.locanto.com/ID_422813223/Design-History-Heart-Trim-Striped-Top-Toddler-Kid-Mod.html
Oakland,Design History Striped Sequins Top (Toddler/Kid) - Mod Pink ...,http://oakland.locanto.com/ID_422813266/Design-History-Striped-Sequins-Top-Toddler-Kid-Mod-Pink.html
Oakland,JoJo Maman Bebe Rose Cord Party Dress (Baby) - Navy,http://oakland.locanto.com/ID_422814531/JoJo-Maman-Bebe-Rose-Cord-Party-Dress-Baby-Navy.html
Oakland,Saltwater by Hoy The Original Sandal (unisex),http://oakland.locanto.com/ID_422816897/Saltwater-by-Hoy-The-Original-Sandal-unisex.html
Oakland,Kapital K Anchor Print Polo (Toddler/Kid) - Blue Harbour (boys),http://oakland.locanto.com/ID_422817571/Kapital-K-Anchor-Print-Polo-Toddler-Kid-Blue-Harbour-boys.html
Oakland,Carter's Penguin Tee (Baby) - Mint (girls),http://oakland.locanto.com/ID_422817864/Carter-s-Penguin-Tee-Baby-Mint-girls.html
Oakland,LEBIG Jumpsuit (Toddler/Kids),http://oakland.locanto.com/ID_422817883/LEBIG-Jumpsuit-Toddler-Kids.html
Oakland,City Threads Bolts Zip Hoodie (Baby) - Smurf (boys),http://oakland.locanto.com/ID_422818915/City-Threads-Bolts-Zip-Hoodie-Baby-Smurf-boys.html
Oakland,City Threads Bolts Zip Hoodie (Toddler/Kid) - Smurf,http://oakland.locanto.com/ID_422818917/City-Threads-Bolts-Zip-Hoodie-Toddler-Kid-Smurf.html
Oakland,La Miniatura Crayon Pants (Toddler/Kid) - Berry (girls),http://oakland.locanto.com/ID_422819641/La-Miniatura-Crayon-Pants-Toddler-Kid-Berry-girls.html
San Francisco,City Threads Battle Pops Graphic Tee (Toddler/Kid) - Surf Blue,http://sanfrancisco.locanto.com/ID_422819801/City-Threads-Battle-Pops-Graphic-Tee-Toddler-Kid-Surf-Blue.html
Oakland,Appaman Windbreaker (Toddler/Kid) - Confetti (girls),http://oakland.locanto.com/ID_422820616/Appaman-Windbreaker-Toddler-Kid-Confetti-girls.html
Oakland,I play Rashguard (Baby/Toddler),http://oakland.locanto.com/ID_422821909/I-play-Rashguard-Baby-Toddler.html
San Francisco,Miss Behave Belted Dress (Toddler/Kid) - Navy,http://sanfrancisco.locanto.com/ID_422821914/Miss-Behave-Belted-Dress-Toddler-Kid-Navy.html
Oakland,Saltwater by Hoy Sweetheart (girls),http://oakland.locanto.com/ID_422822214/Saltwater-by-Hoy-Sweetheart-girls.html
Oakland,Splendid Bedford Cord Short (Baby) - Dark Grey,http://oakland.locanto.com/ID_422822233/Splendid-Bedford-Cord-Short-Baby-Dark-Grey.html
Oakland,E-Land Kids Plaid Shirt (Toddler/Kid) - EK Red,http://oakland.locanto.com/ID_422822739/E-Land-Kids-Plaid-Shirt-Toddler-Kid-EK-Red.html
Oakland,3 Piece Pant Set (Baby) - Navy (boys),http://oakland.locanto.com/ID_422824493/3-Piece-Pant-Set-Baby-Navy-boys.html
San Francisco,Capezio Youth Team Basic Brief,http://sanfrancisco.locanto.com/ID_422825174/Capezio-Youth-Team-Basic-Brief.html
San Francisco,Diesel Josyb Reversible Jacket (Baby) - Grey (boys),http://sanfrancisco.locanto.com/ID_422825757/Diesel-Josyb-Reversible-Jacket-Baby-Grey-boys.html
San Francisco,Diesel Kuzi Solid Cardigan (Toddler/Kid) - Grey,http://sanfrancisco.locanto.com/ID_422825831/Diesel-Kuzi-Solid-Cardigan-Toddler-Kid-Grey.html
Oakland,Diesel Pabyb Gabardine 5 Pocket Pant (Baby) - Khaki (boys),http://oakland.locanto.com/ID_422825840/Diesel-Pabyb-Gabardine-5-Pocket-Pant-Baby-Khaki-boys.html
San Francisco,Petit Lem Sea Explorer 2 Piece Set (Baby) (boys),http://sanfrancisco.locanto.com/ID_422826291/Petit-Lem-Sea-Explorer-2-Piece-Set-Baby-boys.html
San Francisco,Petit Lem Pop Music 3 Piece Tee Sets (Baby) (boys),http://sanfrancisco.locanto.com/ID_422826336/Petit-Lem-Pop-Music-3-Piece-Tee-Sets-Baby-boys.html
Oakland,Petit Lem Little Waver 2 Piece Hemmed Short Set (Baby),http://oakland.locanto.com/ID_422826431/Petit-Lem-Little-Waver-2-Piece-Hemmed-Short-Set-Baby.html
San Francisco,Kiwi Graphic Tee (Toddler/Kid) - K is for Kiwi (girls),http://sanfrancisco.locanto.com/ID_422826711/Kiwi-Graphic-Tee-Toddler-Kid-K-is-for-Kiwi-girls.html
San Francisco,Journey Around Chicago from A to Z,http://sanfrancisco.locanto.com/ID_422827622/Journey-Around-Chicago-from-A-to-Z.html
San Francisco,OshKosh B'gosh Graphic Knit Top (Toddler/Kid) - White (girls),http://sanfrancisco.locanto.com/ID_422828001/OshKosh-B-gosh-Graphic-Knit-Top-Toddler-Kid-White-girls.html
Oakland,"Bodywrappers ProWEAR Wide Waist Boy-cut Short, Turquoise",http://oakland.locanto.com/ID_422828423/Bodywrappers-ProWEAR-Wide-Waist-Boy-cut-Short-Turquoise.html
Oakland,Kickee Pants Print Tee (Toddler/Kid) - One of a Kind (girls),http://oakland.locanto.com/ID_422828598/Kickee-Pants-Print-Tee-Toddler-Kid-One-of-a-Kind-girls.html
San Francisco,Egg by Susan Lazar Knit V-neck Cardigan (Toddler/Kid) - ...,http://sanfrancisco.locanto.com/ID_422829090/Egg-by-Susan-Lazar-Knit-V-neck-Cardigan-Toddler-Kid.html
Oakland,Bravado Designs Seamless Panty - Teal,http://oakland.locanto.com/ID_422829316/Bravado-Designs-Seamless-Panty-Teal.html
San Francisco,Juicy Couture Footie (Baby) - Leopard Print (girls),http://sanfrancisco.locanto.com/ID_422831841/Juicy-Couture-Footie-Baby-Leopard-Print-girls.html
San Francisco,Diesel Hoodie & Sweatpants (Baby/Toddler) - Chalk Pink,http://sanfrancisco.locanto.com/ID_422832533/Diesel-Hoodie-Sweatpants-Baby-Toddler-Chalk-Pink.html
Oakland,Design History Striped Hi-Lo Top (Kids),http://oakland.locanto.com/ID_422832586/Design-History-Striped-Hi-Lo-Top-Kids.html
Oakland,Design History Novelty Flower Dress (Toddler/Kid)-White/Blac ...,http://oakland.locanto.com/ID_422833390/Design-History-Novelty-Flower-Dress-Toddler-Kid-White-Blac.html
San Francisco,Little Green Radicals Twill Jeans (Toddler/Kid) - Biscan ...,http://sanfrancisco.locanto.com/ID_422833557/Little-Green-Radicals-Twill-Jeans-Toddler-Kid-Biscan.html
San Francisco,Carter's 2 Piece Striped Short Set (Baby) - Print (boys),http://sanfrancisco.locanto.com/ID_422833811/Carter-s-2-Piece-Striped-Short-Set-Baby-Print-boys.html
San Francisco,Egg by Susan Lazar Slub Jersey Tank Dress (Baby) - Navy ...,http://sanfrancisco.locanto.com/ID_422834159/Egg-by-Susan-Lazar-Slub-Jersey-Tank-Dress-Baby-Navy.html
San Francisco,Little Green Radicals Fisherman Sweater (Toddler/Kid) - ...,http://sanfrancisco.locanto.com/ID_422834259/Little-Green-Radicals-Fisherman-Sweater-Toddler-Kid.html
San Francisco,Little Green Radicals Fisherman Sweater (Baby) - Gold,http://sanfrancisco.locanto.com/ID_422835460/Little-Green-Radicals-Fisherman-Sweater-Baby-Gold.html
San Francisco,Carter's Graphic Tee (Baby) - Perfect Gentleman (boys),http://sanfrancisco.locanto.com/ID_422836325/Carter-s-Graphic-Tee-Baby-Perfect-Gentleman-boys.html
Oakland,KicKee Pants Ruffle Layette Set (Baby) - Natural,http://oakland.locanto.com/ID_422836348/KicKee-Pants-Ruffle-Layette-Set-Baby-Natural.html
Oakland,Lamaze Football Footie (Baby) - Multicolor (boys),http://oakland.locanto.com/ID_422836550/Lamaze-Football-Footie-Baby-Multicolor-boys.html
Oakland,Kickee Pants Print Ruffle Pants (Baby) - Lotus Geo Lattice ...,http://oakland.locanto.com/ID_422836889/Kickee-Pants-Print-Ruffle-Pants-Baby-Lotus-Geo-Lattice.html
Oakland,"Love Daisy ""Daisy"" High-Low Tank (Kid) - White/Black",http://oakland.locanto.com/ID_422836912/Love-Daisy-Daisy-High-Low-Tank-Kid-White-Black.html
San Francisco,Levi's Ace Cargos (Toddler/Kid)-Olive Cloud Camo,http://sanfrancisco.locanto.com/ID_422837422/Levi-s-Ace-Cargos-Toddler-Kid-Olive-Cloud-Camo.html
San Francisco,Dino Bebe Lace And Flowers Dress (Toddler/Kid) - Yellow (girls),http://sanfrancisco.locanto.com/ID_422838385/Dino-Bebe-Lace-And-Flowers-Dress-Toddler-Kid-Yellow-girls.html
San Francisco,Dino Bebe Lace Leggings (Toddler/Kid) - Aqua,http://sanfrancisco.locanto.com/ID_422838493/Dino-Bebe-Lace-Leggings-Toddler-Kid-Aqua.html
Oakland,JoJo Maman Bebe Cropped Twill Pants (Baby) - White (girls),http://oakland.locanto.com/ID_422841507/JoJo-Maman-Bebe-Cropped-Twill-Pants-Baby-White-girls.html
San Francisco,Pink Chicken Emily Dress (Toddler/Kid) - Blue Omg Print (girls),http://sanfrancisco.locanto.com/ID_422843666/Pink-Chicken-Emily-Dress-Toddler-Kid-Blue-Omg-Print-girls.html
Oakland,U by Blu Top Trendy Pants (Kid) - Black (girls),http://oakland.locanto.com/ID_422843672/U-by-Blu-Top-Trendy-Pants-Kid-Black-girls.html
San Francisco,Carter's 2 Piece Short Set (Baby) - Black,http://sanfrancisco.locanto.com/ID_422844461/Carter-s-2-Piece-Short-Set-Baby-Black.html
San Francisco,Design History Sequined Trim Dress (Toddler/Kid) - Winter White,http://sanfrancisco.locanto.com/ID_422845104/Design-History-Sequined-Trim-Dress-Toddler-Kid-Winter-White.html
Oakland,Burt's Bees Baby 2 Pack Essentials Bodysuits (Baby)-Gray (girls),http://oakland.locanto.com/ID_422846829/Burt-s-Bees-Baby-2-Pack-Essentials-Bodysuits-Baby-Gray-girls.html
Oakland,Elephantito Lili Crossed Sandal w/Bow (Tod/Yth) - Leopard,http://oakland.locanto.com/ID_422847835/Elephantito-Lili-Crossed-Sandal-w-Bow-Tod-Yth-Leopard.html
San Francisco,U by Blu 'Sour Peach' Dress (Toddler/Kid),http://sanfrancisco.locanto.com/ID_422848815/U-by-Blu-Sour-Peach-Dress-Toddler-Kid.html
Oakland,Egg by Susan Lazar Silk Cotton Swing Dress (Baby) - Multi ...,http://oakland.locanto.com/ID_422853036/Egg-by-Susan-Lazar-Silk-Cotton-Swing-Dress-Baby-Multi.html
Oakland,Diesel Tivaib Mock Neck Shirt (Baby) - Grey,http://oakland.locanto.com/ID_422853528/Diesel-Tivaib-Mock-Neck-Shirt-Baby-Grey.html
Oakland,Erge Tank (Kid) - Heather (girls),http://oakland.locanto.com/ID_422854926/Erge-Tank-Kid-Heather-girls.html
San Francisco,City Threads Soft Twill Cargo Pant,http://sanfrancisco.locanto.com/ID_422854927/City-Threads-Soft-Twill-Cargo-Pant.html
San Francisco,Vans Sylmar Hoodie (Kid) - Concrete/Blue (boys),http://sanfrancisco.locanto.com/ID_422855552/Vans-Sylmar-Hoodie-Kid-Concrete-Blue-boys.html
San Francisco,Vans Authentic,http://sanfrancisco.locanto.com/ID_422855627/Vans-Authentic.html
San Francisco,Joah Love Barbara Leggings (Baby) - Plum,http://sanfrancisco.locanto.com/ID_422855674/Joah-Love-Barbara-Leggings-Baby-Plum.html
San Francisco,Erge Flamingo Screen Tank (Toddler/Kid) - White (girls),http://sanfrancisco.locanto.com/ID_422855697/Erge-Flamingo-Screen-Tank-Toddler-Kid-White-girls.html
Oakland,City Threads Soft Twill Cargo Pant,http://oakland.locanto.com/ID_422855762/City-Threads-Soft-Twill-Cargo-Pant.html
San Francisco,Salt-Water Surfer,http://sanfrancisco.locanto.com/ID_422856219/Salt-Water-Surfer.html
San Francisco,JoJo Maman Bebe Bird Leather Soft Soled Shoes (Baby) - ...,http://sanfrancisco.locanto.com/ID_422856353/JoJo-Maman-Bebe-Bird-Leather-Soft-Soled-Shoes-Baby.html
San Francisco,Carter's 4 Piece Layette Set (Baby) - Anchor Print,http://sanfrancisco.locanto.com/ID_422856529/Carter-s-4-Piece-Layette-Set-Baby-Anchor-Print.html
San Francisco,Saltwater by Hoy The Original Sandal,http://sanfrancisco.locanto.com/ID_422856707/Saltwater-by-Hoy-The-Original-Sandal.html
Oakland,Carter's Graphic Footie (Baby) - Sailboats (girls),http://oakland.locanto.com/ID_422857236/Carter-s-Graphic-Footie-Baby-Sailboats-girls.html
San Francisco,Kapital K Anchor Print Polo (Baby) - Whole Wheat (boys),http://sanfrancisco.locanto.com/ID_422857549/Kapital-K-Anchor-Print-Polo-Baby-Whole-Wheat-boys.html
San Francisco,Kapital K 6-Pocket Shorts (Baby) - Safari,http://sanfrancisco.locanto.com/ID_422857618/Kapital-K-6-Pocket-Shorts-Baby-Safari.html
San Francisco,Kapital K 2 Piece Short Set (Baby) - Wheat/Blue Harbour (boys),http://sanfrancisco.locanto.com/ID_422857645/Kapital-K-2-Piece-Short-Set-Baby-Wheat-Blue-Harbour-boys.html
Oakland,Kapital K Lizard Graphic Tee (Baby) - Orange-Tini,http://oakland.locanto.com/ID_422857695/Kapital-K-Lizard-Graphic-Tee-Baby-Orange-Tini.html
San Francisco,Saltwater by Hoy Sweetheart,http://sanfrancisco.locanto.com/ID_422858009/Saltwater-by-Hoy-Sweetheart.html
San Francisco,Levi's Marisa Soft Denim Leggings (Toddler/Kid)-Plymouth (girls),http://sanfrancisco.locanto.com/ID_422858191/Levi-s-Marisa-Soft-Denim-Leggings-Toddler-Kid-Plymouth-girls.html
San Francisco,Nano Striped Henley (Baby)-Spice,http://sanfrancisco.locanto.com/ID_422858395/Nano-Striped-Henley-Baby-Spice.html
Oakland,Levi's Marisa Soft Denim Leggings (Baby)-Plymouth (girls),http://oakland.locanto.com/ID_422858535/Levi-s-Marisa-Soft-Denim-Leggings-Baby-Plymouth-girls.html
Oakland,I play Long Sleeve Rash Guard (girls),http://oakland.locanto.com/ID_422858653/I-play-Long-Sleeve-Rash-Guard-girls.html
Oakland,Carter's Ballerina Tee (Baby) - Ivory (girls),http://oakland.locanto.com/ID_422863578/Carter-s-Ballerina-Tee-Baby-Ivory-girls.html
Oakland,Salt-Water The Original Sandal (girls),http://oakland.locanto.com/ID_422864936/Salt-Water-The-Original-Sandal-girls.html
Oakland,Kapital K Pocket Bodysuit (Baby) - Grey Heather (boys),http://oakland.locanto.com/ID_422865072/Kapital-K-Pocket-Bodysuit-Baby-Grey-Heather-boys.html
San Francisco,Absorba Color Dreams Shorts Set (Baby) - Pink (girls),http://sanfrancisco.locanto.com/ID_422866942/Absorba-Color-Dreams-Shorts-Set-Baby-Pink-girls.html
